,train/loss,train/loss_step,train/loss_epoch,nfe,integ_error,val/rfm_loss,val/rfm_loss_epoch,val/loss,val/loss_epoch,val/loss_best,test/loss,test_vec/rfm_loss,test_vec/alignment,test_vec/finite_fraction,test_vec/norm_mean,test_vec/norm_max,test_vec/norm_std,test_vec/norm_p95,test_vec/tangency_violation_abs,test_vec/tangency_violation_rel,test_sample/sinkhorn_knopp,test_sample/tangent_sinkhorn_knopp,test_sample/tangent_to_geodesic_sinkhorn_ratio,test_sample/epsilon_coverage,test_sample/epsilon_precision,test_sample/frechet_variance_pred,test_sample/frechet_variance_target,test_sample/frechet_variance_ratio,test_sample/dispersion_predicted,test_sample/dispersion_target,test_sample/dispersion_ratio,test_sample/volume_scaling_mean_pred,test_sample/volume_scaling_mean_target,test_sample/volume_scaling_variance_pred,test_sample/volume_scaling_variance_target,test_sample/volume_scaling_gap_target_minus_pred,test_sample/volume_scaling_mean_start,test_sample/volume_scaling_variance_start,test_sample/volume_scaling_gap_start_target,test_sample/finite_fraction,test_sample/geodesic_dist,manifold,curvature,dim,x0_dist,x1_dist,n_samples,std_x0,std_x1,mean_x0,mean_x1,radius_x1,weights,origin,normalize_tangent_distributions,lr-AdamW,test_sample/mmd
general__c0_std0.3_fourier16_seed34,0.12955771386623383,0.12232694029808044,0.12955771386623383,78.0,0.0,0.13354715704917908,0.13354715704917908,2.687154531478882,2.687154531478882,2.687154531478882,2.67976713180542,0.30651500821113586,0.0,1.0,0.4695638418197632,1.237313985824585,0.2929871082305908,1.0103431940078735,0.0,0.0,0.015441801398992538,0.015441801398992538,1.0,0.3876666724681854,0.36550000309944153,0.3310278654098511,0.3260827660560608,1.0151652097702026,1.0340527296066284,1.0248628854751587,1.0089669227600098,1.0,1.0,0.0,0.0,0.0,1.0,0.0,0.0,1.0,1.0346808433532715,euclidean,0.0,2,gaussian,checkerboard,60000,0.3,,"[0.0, 0.0]",,1,,,False,,
general__c0_std0.3_fourier16_seed42,0.13136394321918488,0.12285533547401428,0.13136394321918488,77.5,0.0,0.13339374959468842,0.13339374959468842,2.684448480606079,2.684448480606079,2.684448480606079,2.684468984603882,0.3058452904224396,0.0,1.0,0.46628978848457336,1.2156410217285156,0.2969484329223633,1.011644959449768,0.0,0.0,0.017507608979940414,0.017507608979940414,1.0,0.3779999911785126,0.3555000126361847,0.32749706506729126,0.33409756422042847,0.9802438020706177,1.0258506536483765,1.0378412008285522,0.9884465932846069,1.0,1.0,0.0,0.0,0.0,1.0,0.0,0.0,1.0,1.034728765487671,euclidean,0.0,2,gaussian,checkerboard,60000,0.3,,"[0.0, 0.0]",,1,,,False,,
general__c0_std0.3_fourier16_seed50,0.13001848757266998,0.1354639232158661,0.13001848757266998,75.5,0.0,0.13422603905200958,0.13422603905200958,2.686408758163452,2.686408758163452,2.686408758163452,2.6547255516052246,0.31127506494522095,0.0,1.0,0.47156527638435364,1.2380000352859497,0.2978896498680115,1.0266610383987427,0.0,0.0,0.018912412226200104,0.018912412226200104,1.0,0.3880000114440918,0.3711666762828827,0.31766852736473083,0.3328719735145569,0.9543263912200928,1.0117132663726807,1.0358326435089111,0.9767150282859802,1.0,1.0,0.0,0.0,0.0,1.0,0.0,0.0,1.0,1.0174949169158936,euclidean,0.0,2,gaussian,checkerboard,60000,0.3,,"[0.0, 0.0]",,1,,,False,,
general__c0_std0.5_fourier16_seed34,0.21612103283405304,0.2079235017299652,0.21612103283405304,92.0,0.0,0.2173890918493271,0.2173890918493271,1.6628587245941162,1.6628587245941162,1.6628587245941162,1.6466773748397827,0.2782212197780609,0.0,1.0,0.45231425762176514,1.3460605144500732,0.2710101008415222,0.978536069393158,0.0,0.0,0.010953321121633053,0.010953321121633053,1.0,0.4011666774749756,0.38749998807907104,0.32673951983451843,0.3260827660560608,1.0020140409469604,1.0263090133666992,1.0248628854751587,1.0014110803604126,1.0,1.0,0.0,0.0,0.0,1.0,0.0,0.0,1.0,1.0308886766433716,euclidean,0.0,2,gaussian,checkerboard,60000,0.5,,"[0.0, 0.0]",,1,,,False,,
general__c0_std0.5_fourier16_seed42,0.2181023359298706,0.21478545665740967,0.2181023359298706,91.5,0.0,0.2134981006383896,0.2134981006383896,1.6158568859100342,1.6158568859100342,1.6158567667007446,1.6210764646530151,0.2989380657672882,0.0,1.0,0.4685116410255432,1.2182347774505615,0.28114065527915955,1.0043916702270508,0.0,0.0,0.010382911190390587,0.010382911190390587,1.0,0.4205000102519989,0.4051666557788849,0.32146337628364563,0.33409756422042847,0.9621841907501221,1.016700029373169,1.0378412008285522,0.9796296954154968,1.0,1.0,0.0,0.0,0.0,1.0,0.0,0.0,1.0,1.0296751260757446,euclidean,0.0,2,gaussian,checkerboard,60000,0.5,,"[0.0, 0.0]",,1,,,False,,
general__c0_std0.5_fourier16_seed50,0.2169160395860672,0.22397926449775696,0.2169160395860672,94.5,0.0,0.21872667968273163,0.21872667968273163,1.691020131111145,1.691020131111145,1.691020131111145,1.6471937894821167,0.28429317474365234,0.0,1.0,0.4554257094860077,1.3251218795776367,0.27698642015457153,0.980342447757721,0.0,0.0,0.013752223923802376,0.013752223923802376,1.0,0.41716668009757996,0.40149998664855957,0.31799638271331787,0.3328719735145569,0.9553113579750061,1.0120952129364014,1.0358326435089111,0.9770837426185608,1.0,1.0,0.0,0.0,0.0,1.0,0.0,0.0,1.0,1.0169798135757446,euclidean,0.0,2,gaussian,checkerboard,60000,0.5,,"[0.0, 0.0]",,1,,,False,,
general__c0_std0.7_fourier16_seed34,0.3068546652793884,0.2898668944835663,0.3068546652793884,120.0,0.0,0.316879004240036,0.316879004240036,1.4027713537216187,1.4027713537216187,1.4027713537216187,1.4250582456588745,0.31372231245040894,0.0,1.0,0.4364578127861023,2.065871238708496,0.35022586584091187,1.1819672584533691,0.0,0.0,0.016250669956207275,0.016250669956207275,1.0,0.3721666634082794,0.40283334255218506,0.3315839469432831,0.3260827660560608,1.0168704986572266,1.0336402654647827,1.0248628854751587,1.0085644721984863,1.0,1.0,0.0,0.0,0.0,1.0,0.0,0.0,1.0,1.0347789525985718,euclidean,0.0,2,gaussian,checkerboard,60000,0.7,,"[0.0, 0.0]",,1,,,False,,
general__c0_std0.7_fourier16_seed42,0.31066080927848816,0.32469791173934937,0.31066080927848816,114.0,0.0,0.3128123879432678,0.3128123879432678,1.3480654954910278,1.3480654954910278,1.3480654954910278,1.3770434856414795,0.3370114862918854,0.0,1.0,0.4631284177303314,2.1598846912384033,0.34902167320251465,1.1681567430496216,0.0,0.0,0.01710948534309864,0.01710948534309864,1.0,0.3798333406448364,0.4074999988079071,0.3289399743080139,0.33409756422042847,0.9845626354217529,1.0276575088500977,1.0378412008285522,0.9901876449584961,1.0,1.0,0.0,0.0,0.0,1.0,0.0,0.0,1.0,1.0349547863006592,euclidean,0.0,2,gaussian,checkerboard,60000,0.7,,"[0.0, 0.0]",,1,,,False,,
general__c0_std0.7_fourier16_seed50,0.30799251794815063,0.310261070728302,0.30799251794815063,116.0,0.0,0.31174740195274353,0.31174740195274353,1.3529552221298218,1.3529552221298218,1.3529552221298218,1.3377410173416138,0.3567843437194824,0.0,1.0,0.4797099530696869,2.0228848457336426,0.35526952147483826,1.2227997779846191,0.0,0.0,0.015729472041130066,0.015729472041130066,1.0,0.406333327293396,0.41866666078567505,0.3226701319217682,0.3328719735145569,0.9693520665168762,1.0177595615386963,1.0358326435089111,0.9825521111488342,1.0,1.0,0.0,0.0,0.0,1.0,0.0,0.0,1.0,1.018824577331543,euclidean,0.0,2,gaussian,checkerboard,60000,0.7,,"[0.0, 0.0]",,1,,,False,,
general__t2_d2_std05_ts05_l8_fourier_bs512,0.2084624022245407,0.20396924018859863,0.2084624022245407,100.0,0.0,0.21006013453006744,0.21006013453006744,1.5297369956970215,1.5297369956970215,1.486229658126831,1.5012705326080322,0.3022310733795166,0.0,1.0,0.47408464550971985,1.6463871002197266,0.27824923396110535,0.9649010300636292,0.0,0.0,0.01559121161699295,0.01559121161699295,1.0,0.44716668128967285,0.4724999964237213,0.31576502323150635,0.3344899117946625,0.9440195560455322,0.9648976922035217,0.99837327003479,0.9664698839187622,1.0,1.0,0.0,0.0,0.0,1.0,0.0,0.0,1.0,0.9789312481880188,euclidean,0.0,2,gaussian,checkerboard,60000,0.5,,"[0.0, 0.0]",,,,,False,3.160837877658196e-05,0.0008777379989624023
general__c10_std0.3_fourier16_seed34,145.41542053222656,123.64704895019531,145.41542053222656,108.5,0.0,,,,,,-1.0373378992080688,51.54817581176758,0.0,1.0,2.9018607139587402,76.58856964111328,6.5579681396484375,14.565569877624512,1.0000001111620804e-06,3.3717105907271616e-06,0.43315833806991577,0.17704929411411285,0.4087403416633606,0.33133333921432495,0.31933334469795227,2.0788776874542236,2.368720054626465,0.877637505531311,2.2870514392852783,2.4917073249816895,0.9178652167320251,15.953089714050293,19.325843811035156,201.61947631835938,224.29049682617188,3.3727543354034424,1.361095666885376,0.1827947348356247,17.96474838256836,1.0,2.402660846710205,poincare,10,2,gaussian,checkerboard,60000,0.3,,"[0.0, 0.0]",,1,,,False,,
general__c10_std0.3_fourier16_seed42,147.23387145996094,142.9600830078125,147.23387145996094,118.0,0.0,,,,,,-1.1864761114120483,53.731719970703125,0.0,1.0,2.9589388370513916,90.0144271850586,6.667635440826416,14.248275756835938,1.0000001111620804e-06,3.0446819891949417e-06,0.41486698389053345,0.13894696533679962,0.3349193036556244,0.374833345413208,0.34549999237060547,2.1622796058654785,2.4146029949188232,0.8955010771751404,2.353889226913452,2.521554946899414,0.9335070252418518,16.78751564025879,19.799551010131836,207.26312255859375,227.01197814941406,3.012035369873047,1.3596394062042236,0.19676421582698822,18.439910888671875,1.0,2.4422714710235596,poincare,10,2,gaussian,checkerboard,60000,0.3,,"[0.0, 0.0]",,1,,,False,,
general__c10_std0.3_fourier16_seed50,146.1590576171875,152.38162231445312,146.1590576171875,116.0,0.0,,,,,,-1.1085803508758545,49.09720993041992,0.0,1.0,2.867521047592163,77.54813385009766,6.35448694229126,14.301946640014648,1.0000001111620804e-06,3.1861213756201323e-06,0.3896436095237732,0.17010095715522766,0.4365552067756653,0.33533331751823425,0.33399999141693115,2.1218724250793457,2.4047319889068604,0.8823737502098083,2.3096017837524414,2.5152552127838135,0.918237566947937,16.736682891845703,19.70348358154297,215.675537109375,227.460205078125,2.9668006896972656,1.35921049118042,0.19324107468128204,18.34427261352539,1.0,2.411396026611328,poincare,10,2,gaussian,checkerboard,60000,0.3,,"[0.0, 0.0]",,1,,,False,,
general__c10_std0.5_fourier16_seed34,152.8162384033203,216.6859130859375,152.8162384033203,128.5,0.0,147.68939208984375,147.68939208984375,0.8779947757720947,0.8779947757720947,0.8779947757720947,0.8126813769340515,80.23961639404297,0.0,1.0,3.4529666900634766,119.86726379394531,8.253863334655762,16.70491600036621,1.0000001111620804e-06,3.4408819828968262e-06,0.40212324261665344,0.15468871593475342,0.3846798539161682,0.34983333945274353,0.3240000009536743,1.9647010564804077,2.368720054626465,0.8294357061386108,2.2685976028442383,2.4917073249816895,0.910459041595459,12.996532440185547,19.325843811035156,133.296875,224.29049682617188,6.329311370849609,2.4245848655700684,5.4802446365356445,16.90125846862793,1.0,2.3900420665740967,poincare,10,2,gaussian,checkerboard,60000,0.5,,"[0.0, 0.0]",,1,,,False,,
general__c10_std0.5_fourier16_seed42,156.47007751464844,157.23048400878906,156.47007751464844,136.0,0.0,152.68077087402344,152.68077087402344,1.4720418453216553,1.4720418453216553,1.4720417261123657,1.4301767349243164,74.54142761230469,0.0,1.0,3.328700542449951,120.41820526123047,7.924715518951416,15.56472110748291,1.0000001111620804e-06,3.558814114512643e-06,0.4499751329421997,0.16638170182704926,0.3697575628757477,0.375166654586792,0.35616666078567505,1.902073621749878,2.4146029949188232,0.7877375483512878,2.219963550567627,2.521554946899414,0.880394697189331,12.343899726867676,19.799551010131836,120.27278900146484,227.01197814941406,7.455650806427002,2.440383195877075,6.489813804626465,17.359167098999023,1.0,2.375772714614868,poincare,10,2,gaussian,checkerboard,60000,0.5,,"[0.0, 0.0]",,1,,,False,,
general__c10_std0.5_fourier16_seed50,154.97830200195312,158.89227294921875,154.97830200195312,133.5,0.0,145.4654541015625,145.4654541015625,1.2043179273605347,1.2043179273605347,1.2043179273605347,1.101080298423767,74.6006088256836,0.0,1.0,3.3844082355499268,121.58763885498047,7.910196781158447,16.35696029663086,1.0000001111620804e-06,3.3356786843796726e-06,0.42856982350349426,0.16542011499404907,0.3859816789627075,0.3766666650772095,0.336166650056839,1.9383727312088013,2.4047319889068604,0.8060659766197205,2.250307083129883,2.5152552127838135,0.8946635127067566,12.589174270629883,19.70348358154297,121.63079071044922,227.460205078125,7.114309310913086,2.4372525215148926,6.271617889404297,17.266231536865234,1.0,2.3797388076782227,poincare,10,2,gaussian,checkerboard,60000,0.5,,"[0.0, 0.0]",,1,,,False,,
general__c10_std0.7_fourier16_seed34,223.60572814941406,251.77059936523438,223.60572814941406,368.5,0.0010522282682359219,,,,,,4.93048620223999,16.814756393432617,0.0,1.0,1.5773319005966187,89.27354431152344,3.778360605239868,7.468662738800049,1.0000001111620804e-06,8.327637260663323e-06,0.4089708626270294,0.2673364281654358,0.6536808609962463,0.3241666555404663,0.31049999594688416,1.7414885759353638,2.368720054626465,0.7352023720741272,2.051114082336426,2.4917073249816895,0.8231760859489441,12.456273078918457,19.325843811035156,174.92405700683594,224.29049682617188,6.869570732116699,5.305792808532715,51.472511291503906,14.020051002502441,1.0,2.2880654335021973,poincare,10,2,gaussian,checkerboard,60000,0.7,,"[0.0, 0.0]",,1,,,False,,
general__c10_std0.7_fourier16_seed42,188.18756103515625,165.27548217773438,188.18756103515625,286.0,0.0002815723419189453,183.88319396972656,183.88319396972656,3.193819046020508,3.193819046020508,3.193819046020508,3.2321693897247314,77.00062561035156,0.0,1.0,3.4087326526641846,127.57908630371094,8.035513877868652,15.537857055664062,1.0000001111620804e-06,3.039034027096932e-06,0.4022800028324127,0.11210855841636658,0.2786828875541687,0.40166667103767395,0.3713333308696747,2.0942513942718506,2.4146029949188232,0.8673274517059326,2.339228391647339,2.521554946899414,0.9276928901672363,15.108654022216797,19.799551010131836,168.64199829101562,227.01197814941406,4.6908979415893555,5.308652877807617,54.45806884765625,14.490898132324219,1.0,2.43537974357605,poincare,10,2,gaussian,checkerboard,60000,0.7,,"[0.0, 0.0]",,1,,,False,,
general__c10_std0.7_fourier16_seed50,188.498046875,202.10552978515625,188.498046875,217.0,0.00021089862275402993,182.31068420410156,182.31068420410156,3.488374948501587,3.488374948501587,3.488374948501587,3.4014124870300293,76.42198944091797,0.0,1.0,3.447826862335205,128.1973114013672,7.9744367599487305,16.097373962402344,1.0000001111620804e-06,2.9918917334725847e-06,0.4325508773326874,0.13709154725074768,0.3169374167919159,0.39383333921432495,0.36133334040641785,2.012981414794922,2.4047319889068604,0.8370918035507202,2.291721820831299,2.5152552127838135,0.9111288785934448,13.9258394241333,19.70348358154297,153.69500732421875,227.460205078125,5.77764368057251,5.320719242095947,55.51036071777344,14.382763862609863,1.0,2.40108060836792,poincare,10,2,gaussian,checkerboard,60000,0.7,,"[0.0, 0.0]",,1,,,False,,
general__c1_std0.3_fourier16_seed34,0.8982115983963013,0.9026386737823486,0.8982115983963013,56.0,0.0,,,,,,1.9145387411117554,1.5599976778030396,0.0,1.0,1.112550973892212,5.241264820098877,0.5667374730110168,2.108738422393799,1.0000001111620804e-06,1.332037641077477e-06,0.3652229309082031,0.028999442234635353,0.07940202206373215,0.3386666774749756,0.3109999895095825,2.6927270889282227,2.6228268146514893,1.0266507863998413,2.2553353309631348,2.225276231765747,1.0135080814361572,1.5538945198059082,1.5355247259140015,0.191794291138649,0.14748995006084442,-0.01836979389190674,1.0306153297424316,0.0009248859132640064,0.5049093961715698,1.0,2.2539942264556885,poincare,1,2,gaussian,checkerboard,60000,0.3,,"[0.0, 0.0]",,1,,,False,,
general__c1_std0.3_fourier16_seed42,0.9045888185501099,0.8991008996963501,0.9045888185501099,58.5,0.0,,,,,,1.9097391366958618,1.5881010293960571,0.0,1.0,1.1272300481796265,5.338266372680664,0.5621329545974731,2.1055572032928467,1.0000001111620804e-06,1.336415948571812e-06,0.35109996795654297,0.0288992989808321,0.082310751080513,0.3513333201408386,0.3240000009536743,2.705974817276001,2.6823172569274902,1.008819818496704,2.254227638244629,2.254237651824951,0.9999955296516418,1.5623133182525635,1.5454314947128296,0.215641051530838,0.14647598564624786,-0.016881823539733887,1.0303425788879395,0.0009769891621544957,0.5150889158248901,1.0,2.260671615600586,poincare,1,2,gaussian,checkerboard,60000,0.3,,"[0.0, 0.0]",,1,,,False,,
general__c1_std0.3_fourier16_seed50,0.91255784034729,0.9072378277778625,0.91255784034729,56.0,0.0,,,,,,1.9113401174545288,1.554980993270874,0.0,1.0,1.111761450767517,5.371077537536621,0.5642070770263672,2.10453200340271,1.0000001111620804e-06,1.414487428519351e-06,0.33631378412246704,0.03238154947757721,0.09628374129533768,0.35600000619888306,0.33166664838790894,2.6160285472869873,2.6730101108551025,0.9786826372146606,2.2155606746673584,2.24965763092041,0.9848434925079346,1.5389217138290405,1.5440205335617065,0.1954277902841568,0.14821623265743256,0.005098819732666016,1.0303202867507935,0.0009733977494761348,0.5137002468109131,1.0,2.2215068340301514,poincare,1,2,gaussian,checkerboard,60000,0.3,,"[0.0, 0.0]",,1,,,False,,
general__c1_std0.5_fourier16_seed34,1.2639086246490479,1.22999107837677,1.2639086246490479,62.0,0.0,1.2981473207473755,1.2981473207473755,2.4495298862457275,2.4495298862457275,2.4495298862457275,2.4308032989501953,1.3736599683761597,0.0,1.0,1.0152544975280762,5.213588714599609,0.5847774147987366,2.0227043628692627,1.0000001111620804e-06,1.8353038058194215e-06,0.36110925674438477,0.02319980598986149,0.06424594670534134,0.3675000071525574,0.34166666865348816,2.7081847190856934,2.6228268146514893,1.0325442552566528,2.2752654552459717,2.225276231765747,1.0224642753601074,1.5509827136993408,1.5355247259140015,0.1579299122095108,0.14748995006084442,-0.015457987785339355,1.0877864360809326,0.008112710900604725,0.44773828983306885,1.0,2.2633519172668457,poincare,1,2,gaussian,checkerboard,60000,0.5,,"[0.0, 0.0]",,1,,,False,,
general__c1_std0.5_fourier16_seed42,1.2689247131347656,1.2146358489990234,1.2689247131347656,65.0,0.0,1.287448763847351,1.287448763847351,2.4055674076080322,2.4055674076080322,2.4055674076080322,2.4020040035247803,1.4437733888626099,0.0,1.0,1.0420336723327637,5.490365028381348,0.5971749424934387,2.066204309463501,1.0000001111620804e-06,1.5921215208436479e-06,0.3330579102039337,0.022316215559840202,0.0670040100812912,0.36933332681655884,0.3473333418369293,2.7399535179138184,2.6823172569274902,1.0214874744415283,2.2885220050811768,2.254237651824951,1.0152088403701782,1.5607926845550537,1.5454314947128296,0.16427162289619446,0.14647598564624786,-0.015361189842224121,1.0870805978775024,0.00860671978443861,0.45835089683532715,1.0,2.278412103652954,poincare,1,2,gaussian,checkerboard,60000,0.5,,"[0.0, 0.0]",,1,,,False,,
general__c1_std0.5_fourier16_seed50,1.267297625541687,1.272664189338684,1.267297625541687,63.0,0.0,1.303696870803833,1.303696870803833,2.485463857650757,2.485463857650757,2.4854636192321777,2.5155210494995117,1.403031587600708,0.0,1.0,1.0327264070510864,5.333621025085449,0.5794642567634583,2.036435842514038,1.0000001111620804e-06,1.5534039903286612e-06,0.339864045381546,0.027058100327849388,0.07961448282003403,0.36783334612846375,0.3544999957084656,2.6888818740844727,2.6730101108551025,1.0059378147125244,2.26348614692688,2.24965763092041,1.0061469078063965,1.547647476196289,1.5440205335617065,0.15745000541210175,0.14821623265743256,-0.0036269426345825195,1.0870115756988525,0.008558373898267746,0.457008957862854,1.0,2.2474517822265625,poincare,1,2,gaussian,checkerboard,60000,0.5,,"[0.0, 0.0]",,1,,,False,,
general__c1_std0.7_fourier16_seed34,1.7172600030899048,1.839123249053955,1.7172600030899048,62.0,0.0,1.705641269683838,1.705641269683838,4.339755058288574,4.339755058288574,4.339755058288574,4.327437877655029,1.3518401384353638,0.0,1.0,1.0081285238265991,5.231330871582031,0.5783881545066833,2.0322024822235107,1.0000001111620804e-06,1.5806673445695196e-06,0.3474251627922058,0.022180069237947464,0.06384128332138062,0.37299999594688416,0.3421666622161865,2.57108211517334,2.6228268146514893,0.9802713990211487,2.212714195251465,2.225276231765747,0.9943548440933228,1.519230842590332,1.5355247259140015,0.14065569639205933,0.14748995006084442,0.016294002532958984,1.1805959939956665,0.03798956051468849,0.35492876172065735,1.0,2.2309889793395996,poincare,1,2,gaussian,checkerboard,60000,0.7,,"[0.0, 0.0]",,1,,,False,,
general__c1_std0.7_fourier16_seed42,1.7349544763565063,1.736069679260254,1.7349544763565063,68.0,0.0,1.720196008682251,1.720196008682251,4.538266181945801,4.538266181945801,4.538265705108643,4.534977912902832,1.3887141942977905,0.0,1.0,1.0190120935440063,5.851954936981201,0.590548038482666,2.0476531982421875,1.0000001111620804e-06,1.708301510916499e-06,0.3270443081855774,0.019372545182704926,0.05923523008823395,0.3700000047683716,0.34433332085609436,2.542759895324707,2.6823172569274902,0.9479713439941406,2.192913293838501,2.254237651824951,0.9727959632873535,1.515431523323059,1.5454314947128296,0.1444290429353714,0.14647598564624786,0.030000092461705208,1.1793946027755737,0.04055054858326912,0.36603689193725586,1.0,2.2301766872406006,poincare,1,2,gaussian,checkerboard,60000,0.7,,"[0.0, 0.0]",,1,,,False,,
general__c1_std0.7_fourier16_seed50,1.723281741142273,1.7190332412719727,1.723281741142273,67.5,0.0,1.7160325050354004,1.7160325050354004,4.467070579528809,4.467070579528809,4.467070579528809,4.589146137237549,1.3838180303573608,0.0,1.0,1.0294179916381836,5.495434284210205,0.5684961676597595,2.033022880554199,1.0000001111620804e-06,1.5751280670883716e-06,0.3561166226863861,0.020390091463923454,0.057256780564785004,0.3941666781902313,0.3661666810512543,2.492298126220703,2.6730101108551025,0.9323939085006714,2.1716015338897705,2.24965763092041,0.9653031229972839,1.5022319555282593,1.5440205335617065,0.13325898349285126,0.14821623265743256,0.041788578033447266,1.179231882095337,0.04017405956983566,0.36478865146636963,1.0,2.198878288269043,poincare,1,2,gaussian,checkerboard,60000,0.7,,"[0.0, 0.0]",,1,,,False,,
general__c2_std0.3_fourier16_seed34,1.7707030773162842,1.7977629899978638,1.7707030773162842,56.0,0.0,,,,,,1.3359935283660889,2.2206766605377197,0.0,1.0,1.1710495948791504,11.005866050720215,0.918988049030304,2.8662662506103516,1.0000001111620804e-06,1.4237426739782677e-06,0.3856048882007599,0.046585265547037125,0.12081088125705719,0.35199999809265137,0.32383331656455994,2.625382900238037,2.629058599472046,0.9986019134521484,2.3206827640533447,2.3258261680603027,0.9977885484695435,2.309652090072632,2.298811912536621,1.3079609870910645,1.0825227499008179,-0.010840176604688168,1.0623310804367065,0.003974773921072483,1.2364808320999146,1.0,2.3376646041870117,poincare,2,2,gaussian,checkerboard,60000,0.3,,"[0.0, 0.0]",,1,,,False,,
general__c2_std0.3_fourier16_seed42,1.7920305728912354,1.7544796466827393,1.7920305728912354,56.0,0.0,1.7399104833602905,1.7399104833602905,1.337795376777649,1.337795376777649,1.337795376777649,1.3410747051239014,2.2519729137420654,0.0,1.0,1.1947063207626343,11.657177925109863,0.9034227132797241,2.8531455993652344,1.0000001111620804e-06,1.3250803476694273e-06,0.36595600843429565,0.04594834893941879,0.1255570352077484,0.3528333306312561,0.3331666588783264,2.682669162750244,2.686429738998413,0.99860018491745,2.3406195640563965,2.356048822402954,0.9934512376785278,2.3669285774230957,2.3237946033477783,1.5576037168502808,1.0737605094909668,-0.043133970350027084,1.0618058443069458,0.004208927042782307,1.2619887590408325,1.0,2.3550021648406982,poincare,2,2,gaussian,checkerboard,60000,0.3,,"[0.0, 0.0]",,1,,,False,,
general__c2_std0.3_fourier16_seed50,1.794586181640625,1.6388037204742432,1.794586181640625,56.0,0.0,,,,,,1.3542187213897705,2.1514639854431152,0.0,1.0,1.1660164594650269,11.155830383300781,0.8877073526382446,2.827582359313965,1.0000001111620804e-06,1.4012578049005242e-06,0.3426855206489563,0.052931852638721466,0.15446190536022186,0.35199999809265137,0.3396666646003723,2.5454776287078857,2.6773693561553955,0.9507383108139038,2.2782270908355713,2.3511722087860107,0.9689750075340271,2.265023708343506,2.320913791656494,1.2582390308380127,1.090286135673523,0.05589008703827858,1.0617586374282837,0.0041890558786690235,1.2591551542282104,1.0,2.304746627807617,poincare,2,2,gaussian,checkerboard,60000,0.3,,"[0.0, 0.0]",,1,,,False,,
general__c2_std0.5_fourier16_seed34,2.337250232696533,2.2484560012817383,2.337250232696533,62.5,0.0,2.350865125656128,2.350865125656128,2.052175998687744,2.052175998687744,2.052175998687744,2.026902437210083,2.099158763885498,0.0,1.0,1.1237668991088867,11.699065208435059,0.9119736552238464,2.7641122341156006,1.0000001111620804e-06,1.5170737697189907e-06,0.37018489837646484,0.04288877919316292,0.11585772037506104,0.3648333251476288,0.33116665482521057,2.6172149181365967,2.629058599472046,0.9954951405525208,2.3443667888641357,2.3258261680603027,1.0079716444015503,2.269352436065674,2.298811912536621,1.0413354635238647,1.0825227499008179,0.029459478333592415,1.184657335281372,0.039889730513095856,1.114154577255249,1.0,2.3482472896575928,poincare,2,2,gaussian,checkerboard,60000,0.5,,"[0.0, 0.0]",,1,,,False,,
general__c2_std0.5_fourier16_seed42,2.3875861167907715,2.3088231086730957,2.3875861167907715,68.0,0.0,2.341506004333496,2.341506004333496,2.0620810985565186,2.0620810985565186,2.0620810985565186,2.0274834632873535,2.1538970470428467,0.0,1.0,1.1489195823669434,12.635222434997559,0.9087421894073486,2.782287836074829,1.0000001111620804e-06,1.485659709032916e-06,0.339678019285202,0.037822164595127106,0.11134710907936096,0.3858333230018616,0.35116666555404663,2.5842113494873047,2.686429738998413,0.9619501233100891,2.3231148719787598,2.356048822402954,0.9860214591026306,2.256100654602051,2.3237946033477783,1.0279157161712646,1.0737605094909668,0.06769394874572754,1.1834402084350586,0.04258909448981285,1.1403543949127197,1.0,2.3472561836242676,poincare,2,2,gaussian,checkerboard,60000,0.5,,"[0.0, 0.0]",,1,,,False,,
general__c2_std0.5_fourier16_seed50,2.3385558128356934,2.521207809448242,2.3385558128356934,68.5,0.0,2.3612725734710693,2.3612725734710693,2.0568583011627197,2.0568583011627197,2.0568583011627197,2.0811867713928223,2.072721242904663,0.0,1.0,1.1374679803848267,12.262068748474121,0.8806701898574829,2.7439866065979004,1.0000001111620804e-06,1.4385599342858768e-06,0.3708304166793823,0.04503271356225014,0.12143749743700027,0.38199999928474426,0.3606666624546051,2.593892812728882,2.6773693561553955,0.9688213467597961,2.325540065765381,2.3511722087860107,0.9890981316566467,2.261021375656128,2.320913791656494,1.0946524143218994,1.090286135673523,0.05989241600036621,1.1832727193832397,0.042186278849840164,1.1376410722732544,1.0,2.330704927444458,poincare,2,2,gaussian,checkerboard,60000,0.5,,"[0.0, 0.0]",,1,,,False,,
general__c2_std0.7_fourier16_seed34,3.114783525466919,3.4787709712982178,3.114783525466919,63.5,0.0,3.0463926792144775,3.0463926792144775,4.185937404632568,4.185937404632568,4.18593692779541,4.165653705596924,2.213001251220703,0.0,1.0,1.1606414318084717,12.18761157989502,0.9284973740577698,2.841463804244995,1.0000001111620804e-06,1.5200657799141482e-06,0.3534238338470459,0.04058968275785446,0.11484704911708832,0.37283334136009216,0.33666667342185974,2.4866421222686768,2.629058599472046,0.9458298087120056,2.2668089866638184,2.3258261680603027,0.9746253490447998,2.2028841972351074,2.298811912536621,1.055291771888733,1.0825227499008179,0.09592771530151367,1.399890661239624,0.23289337754249573,0.8989212512969971,1.0,2.309622287750244,poincare,2,2,gaussian,checkerboard,60000,0.7,,"[0.0, 0.0]",,1,,,False,,
general__c2_std0.7_fourier16_seed42,3.1869959831237793,3.1588611602783203,3.1869959831237793,62.0,0.0,3.1229491233825684,3.1229491233825684,4.357799530029297,4.357799530029297,4.357799530029297,4.3045220375061035,2.217454195022583,0.0,1.0,1.164814829826355,14.14513111114502,0.9235398173332214,2.8136348724365234,1.0000001111620804e-06,1.5977258271959727e-06,0.34543946385383606,0.03909884765744209,0.1131858080625534,0.38733333349227905,0.3451666533946991,2.4894871711730957,2.686429738998413,0.926689863204956,2.2626004219055176,2.356048822402954,0.9603368043899536,2.2154157161712646,2.3237946033477783,1.1620557308197021,1.0737605094909668,0.10837888717651367,1.3984962701797485,0.2509843409061432,0.9252983331680298,1.0,2.317293405532837,poincare,2,2,gaussian,checkerboard,60000,0.7,,"[0.0, 0.0]",,1,,,False,,
general__c2_std0.7_fourier16_seed50,3.179206132888794,3.1434526443481445,3.179206132888794,62.5,0.0,3.1062655448913574,3.1062655448913574,4.227731227874756,4.227731227874756,4.227731227874756,4.323550224304199,2.193230390548706,0.0,1.0,1.1740198135375977,13.2004976272583,0.9004818797111511,2.8146581649780273,1.0000001111620804e-06,1.5032672990855644e-06,0.3739147484302521,0.03781653195619583,0.10113676637411118,0.3840000033378601,0.35066667199134827,2.461099624633789,2.6773693561553955,0.9192230701446533,2.2499866485595703,2.3511722087860107,0.9569637775421143,2.1930136680603027,2.320913791656494,1.0796902179718018,1.090286135673523,0.1279001235961914,1.3979929685592651,0.24597406387329102,0.922920823097229,1.0,2.2916347980499268,poincare,2,2,gaussian,checkerboard,60000,0.7,,"[0.0, 0.0]",,1,,,False,,
general__c3_std0.3_fourier16_seed34,4.0041046142578125,3.295506477355957,4.0041046142578125,56.0,0.0,,,,,,0.8640348315238953,3.994905948638916,0.0,1.0,1.3074727058410645,20.774633407592773,1.5035758018493652,3.904073476791382,1.0000001111620804e-06,1.4956635823182296e-06,0.3776583671569824,0.058433808386325836,0.15472663938999176,0.3684999942779541,0.3369999825954437,2.53402042388916,2.632781982421875,0.9624878168106079,2.3370349407196045,2.3953044414520264,0.9756734371185303,3.279461145401001,3.369128942489624,4.825028896331787,4.434128761291504,0.08966779708862305,1.095189094543457,0.009617548435926437,2.273939847946167,1.0,2.3805370330810547,poincare,3,2,gaussian,checkerboard,60000,0.3,,"[0.0, 0.0]",,1,,,False,,
general__c3_std0.3_fourier16_seed42,4.1728386878967285,3.6557931900024414,4.1728386878967285,56.0,0.0,,,,,,0.8741976022720337,3.754511833190918,0.0,1.0,1.2953636646270752,21.205581665039062,1.4281291961669922,3.764427661895752,1.0000001111620804e-06,1.5031507700768998e-06,0.3638337254524231,0.06705649197101593,0.1843053251504898,0.35850000381469727,0.3369999825954437,2.487283945083618,2.6888668537139893,0.925030529499054,2.3085200786590576,2.426328659057617,0.9514456987380981,3.2444329261779785,3.415940761566162,5.113048076629639,4.388518333435059,0.1715078353881836,1.094434380531311,0.010208594612777233,2.3215065002441406,1.0,2.3758792877197266,poincare,3,2,gaussian,checkerboard,60000,0.3,,"[0.0, 0.0]",,1,,,False,,
general__c3_std0.3_fourier16_seed50,4.067407608032227,3.4441351890563965,4.067407608032227,56.0,0.0,,,,,,0.8939752578735352,3.747692823410034,0.0,1.0,1.2969881296157837,20.4776668548584,1.4300986528396606,3.828817129135132,1.0000001111620804e-06,1.5329328562074807e-06,0.36287474632263184,0.07101753354072571,0.19570811092853546,0.35366666316986084,0.3310000002384186,2.4924609661102295,2.679960012435913,0.9300366044044495,2.3151769638061523,2.421220064163208,0.9562026262283325,3.2330636978149414,3.4119479656219482,4.753084182739258,4.472816467285156,0.17888428270816803,1.0943586826324463,0.010148497298359871,2.317589282989502,1.0,2.360058546066284,poincare,3,2,gaussian,checkerboard,60000,0.3,,"[0.0, 0.0]",,1,,,False,,
general__c3_std0.5_fourier16_seed34,4.990958213806152,5.818192481994629,4.990958213806152,74.0,0.0,4.86544942855835,4.86544942855835,1.7482428550720215,1.7482428550720215,1.7482428550720215,1.7038793563842773,4.042708873748779,0.0,1.0,1.3064918518066406,23.479394912719727,1.5199534893035889,3.8486015796661377,1.0000001111620804e-06,1.5760668929942767e-06,0.3680458068847656,0.06004533916711807,0.16314636170864105,0.3738333284854889,0.3434999883174896,2.541632890701294,2.632781982421875,0.9653791785240173,2.381071090698242,2.3953044414520264,0.994057834148407,3.193291664123535,3.369128942489624,4.027076244354248,4.434128761291504,0.17583727836608887,1.291616678237915,0.11119121313095093,2.077512264251709,1.0,2.400916576385498,poincare,3,2,gaussian,checkerboard,60000,0.5,,"[0.0, 0.0]",,1,,,False,,
general__c3_std0.5_fourier16_seed42,5.173280239105225,5.003339767456055,5.173280239105225,74.0,0.0,4.897702693939209,4.897702693939209,1.9164574146270752,1.9164574146270752,1.9164570569992065,1.8518517017364502,3.8945748805999756,0.0,1.0,1.305034875869751,25.15206527709961,1.467128872871399,3.7658519744873047,1.0000001111620804e-06,1.636097181290097e-06,0.36835020780563354,0.05521397292613983,0.1498953253030777,0.37283334136009216,0.336166650056839,2.4497835636138916,2.6888668537139893,0.911083996295929,2.3212058544158936,2.426328659057617,0.9566740989685059,3.106961488723755,3.415940761566162,3.9815661907196045,4.388518333435059,0.3089792728424072,1.290150761604309,0.11937060207128525,2.1257901191711426,1.0,2.3809425830841064,poincare,3,2,gaussian,checkerboard,60000,0.5,,"[0.0, 0.0]",,1,,,False,,
general__c3_std0.5_fourier16_seed50,4.999803066253662,5.698066711425781,4.999803066253662,71.5,0.0,4.966877460479736,4.966877460479736,1.8594051599502563,1.8594051599502563,1.8594051599502563,1.8785351514816284,3.7499756813049316,0.0,1.0,1.2931499481201172,24.612934112548828,1.4352844953536987,3.74825119972229,1.0000001111620804e-06,1.5555381196463713e-06,0.37125933170318604,0.0613272488117218,0.16518709063529968,0.37533333897590637,0.34566667675971985,2.4802048206329346,2.679960012435913,0.9254633784294128,2.339585542678833,2.421220064163208,0.9662837982177734,3.120415687561035,3.4119479656219482,3.7647743225097656,4.472816467285156,0.2915322780609131,1.2898391485214233,0.11765338480472565,2.1221089363098145,1.0,2.3741939067840576,poincare,3,2,gaussian,checkerboard,60000,0.5,,"[0.0, 0.0]",,1,,,False,,
general__c3_std0.7_fourier16_seed34,6.6725993156433105,5.2531867027282715,6.6725993156433105,73.0,0.0,6.219916820526123,6.219916820526123,4.034605026245117,4.034605026245117,4.034605026245117,4.014068126678467,4.191295623779297,0.0,1.0,1.345334529876709,25.695598602294922,1.5363117456436157,3.931241273880005,1.0000001111620804e-06,1.6320556142090936e-06,0.36758434772491455,0.04888326674699783,0.1329851597547531,0.40799999237060547,0.36916667222976685,2.478438377380371,2.632781982421875,0.9413762092590332,2.324647903442383,2.3953044414520264,0.9705021381378174,3.1992685794830322,3.369128942489624,5.231201648712158,4.434128761291504,0.1698603630065918,1.6667890548706055,0.8302878141403198,1.7023398876190186,1.0,2.3718388080596924,poincare,3,2,gaussian,checkerboard,60000,0.7,,"[0.0, 0.0]",,1,,,False,,
general__c3_std0.7_fourier16_seed42,6.629924297332764,5.543179988861084,6.629924297332764,71.5,0.0,6.394429683685303,6.394429683685303,4.153665542602539,4.153665542602539,4.153665542602539,4.113085746765137,4.214348316192627,0.0,1.0,1.3586983680725098,29.74997901916504,1.5261510610580444,3.880363702774048,1.0000001111620804e-06,1.6422364979007398e-06,0.3638417422771454,0.05472914129495621,0.1504201740026474,0.38466668128967285,0.34183332324028015,2.4745845794677734,2.6888668537139893,0.9203076362609863,2.3192529678344727,2.426328659057617,0.955869197845459,3.2088379859924316,3.415940761566162,5.763731002807617,4.388518333435059,0.20710301399230957,1.6668576002120972,0.8966593146324158,1.749083161354065,1.0,2.380943775177002,poincare,3,2,gaussian,checkerboard,60000,0.7,,"[0.0, 0.0]",,1,,,False,,
general__c3_std0.7_fourier16_seed50,6.780442714691162,6.886828899383545,6.780442714691162,74.0,0.0,6.471190929412842,6.471190929412842,4.2275004386901855,4.2275004386901855,4.2275004386901855,4.307314872741699,3.942138433456421,0.0,1.0,1.330170750617981,26.75543212890625,1.4664613008499146,3.836251735687256,1.0000001111620804e-06,1.6313496189468424e-06,0.38524842262268066,0.05587559938430786,0.14503784477710724,0.3956666588783264,0.3661666810512543,2.471278667449951,2.679960012435913,0.922132670879364,2.3209493160247803,2.421220064163208,0.9585866928100586,3.188431739807129,3.4119479656219482,5.449338436126709,4.472816467285156,0.22351646423339844,1.665643334388733,0.8649000525474548,1.7463046312332153,1.0,2.3639023303985596,poincare,3,2,gaussian,checkerboard,60000,0.7,,"[0.0, 0.0]",,1,,,False,,
general__c5_std0.3_fourier16_seed34,22.111804962158203,16.798986434936523,22.111804962158203,65.0,0.0,,,,,,0.12166406214237213,15.675718307495117,0.0,1.0,1.8041890859603882,57.874786376953125,3.4786767959594727,6.780562400817871,1.0000001111620804e-06,1.8906257537310012e-06,0.3925640881061554,0.08466842025518417,0.21568049490451813,0.3675000071525574,0.3384999930858612,2.454850196838379,2.6371970176696777,0.9308558106422424,2.377027988433838,2.4894704818725586,0.9548327922821045,6.3622918128967285,6.871097564697266,39.47799301147461,39.55474853515625,0.5088057518005371,1.164509892463684,0.030985238030552864,5.706587791442871,1.0,2.4467275142669678,poincare,5,2,gaussian,checkerboard,60000,0.3,,"[0.0, 0.0]",,1,,,False,,
general__c5_std0.3_fourier16_seed42,23.796907424926758,19.69232177734375,23.796907424926758,59.0,0.0,,,,,,0.1556769460439682,14.03591537475586,0.0,1.0,1.7416244745254517,59.223873138427734,3.2585813999176025,6.414200305938721,1.0000001111620804e-06,1.8698451640375424e-06,0.3740178942680359,0.1063498854637146,0.2843443751335144,0.3580000102519989,0.3461666703224182,2.3775572776794434,2.6917436122894287,0.8832777738571167,2.328439950942993,2.5215182304382324,0.9234277606010437,6.153906345367432,6.98988151550293,38.52629089355469,38.918540954589844,0.835975170135498,1.1633763313293457,0.033041663467884064,5.826505184173584,1.0,2.434018611907959,poincare,5,2,gaussian,checkerboard,60000,0.3,,"[0.0, 0.0]",,1,,,False,,
general__c5_std0.3_fourier16_seed50,22.695676803588867,16.24822235107422,22.695676803588867,62.0,0.0,,,,,,0.19119960069656372,14.15434741973877,0.0,1.0,1.7569717168807983,58.26372528076172,3.286273717880249,6.6250128746032715,1.0000001111620804e-06,1.921681132444064e-06,0.37209826707839966,0.11371103674173355,0.3055941164493561,0.359333336353302,0.34433332085609436,2.3572769165039062,2.6829581260681152,0.878611147403717,2.323620319366455,2.516068696975708,0.9235122799873352,5.96491813659668,6.987163543701172,32.98837661743164,39.92766571044922,1.0222454071044922,1.163231611251831,0.032757289707660675,5.823931694030762,1.0,2.4154675006866455,poincare,5,2,gaussian,checkerboard,60000,0.3,,"[0.0, 0.0]",,1,,,False,,
general__c5_std0.5_fourier16_seed34,25.363155364990234,26.41119384765625,25.363155364990234,80.0,0.0,23.450817108154297,23.450817108154297,1.7508268356323242,1.7508268356323242,1.7508264780044556,1.705359697341919,17.682851791381836,0.0,1.0,1.8780570030212402,73.79251861572266,3.713672161102295,6.92353630065918,1.0000001111620804e-06,2.054568085441133e-06,0.39348670840263367,0.1006813794374466,0.25586986541748047,0.3971666693687439,0.34966665506362915,2.216123580932617,2.6371970176696777,0.8403329849243164,2.2869627475738525,2.4894704818725586,0.9186543226242065,5.2375922203063965,6.871097564697266,25.661771774291992,39.55474853515625,1.6335053443908691,1.5404163599014282,0.4861847460269928,5.330681324005127,1.0,2.4012022018432617,poincare,5,2,gaussian,checkerboard,60000,0.5,,"[0.0, 0.0]",,1,,,False,,
general__c5_std0.5_fourier16_seed42,31.910921096801758,26.136186599731445,31.910921096801758,57.5,0.0,,,,,,0.8715381622314453,7.441773891448975,0.0,1.0,1.2769660949707031,57.80253219604492,2.366180896759033,4.5612473487854,1.0000001111620804e-06,2.270913000756991e-06,0.3739001154899597,0.12153609097003937,0.32504960894584656,0.3386666774749756,0.3269999921321869,2.657837152481079,2.6917436122894287,0.9874035120010376,2.4481778144836426,2.5215182304382324,0.9709142446517944,8.018501281738281,6.98988151550293,88.40180969238281,38.918540954589844,-1.0286197662353516,1.5395739078521729,0.5251891613006592,5.450307846069336,1.0,2.4933841228485107,poincare,5,2,gaussian,checkerboard,60000,0.5,,"[0.0, 0.0]",,1,,,False,,
general__c5_std0.5_fourier16_seed50,30.488018035888672,21.484699249267578,30.488018035888672,58.0,0.0,,,,,,0.9553302526473999,7.033143043518066,0.0,1.0,1.2479883432388306,55.93796920776367,2.3109476566314697,4.526472091674805,1.0000001111620804e-06,2.3575973955303198e-06,0.37727341055870056,0.1288987100124359,0.3416586220264435,0.31283333897590637,0.3153333365917206,2.5897696018218994,2.6829581260681152,0.9652665257453918,2.412655830383301,2.516068696975708,0.9588990211486816,7.605425834655762,6.987163543701172,75.86913299560547,39.92766571044922,-0.6182622909545898,1.5387415885925293,0.510554850101471,5.448421955108643,1.0,2.4603612422943115,poincare,5,2,gaussian,checkerboard,60000,0.5,,"[0.0, 0.0]",,1,,,False,,
general__c5_std0.7_fourier16_seed34,32.66675567626953,28.026729583740234,32.66675567626953,82.0,0.0,,,,,,4.271028518676758,16.9309139251709,0.0,1.0,1.8751946687698364,80.02661895751953,3.618058919906616,6.802700996398926,1.0000001111620804e-06,2.098534423566889e-06,0.3723781406879425,0.09421006590127945,0.25299566984176636,0.40316668152809143,0.38499999046325684,2.3035225868225098,2.6371970176696777,0.8734738230705261,2.317473888397217,2.4894704818725586,0.9309102892875671,5.695196628570557,6.871097564697266,34.88262176513672,39.55474853515625,1.175900936126709,2.3803470134735107,5.053705215454102,4.490750312805176,1.0,2.4144651889801025,poincare,5,2,gaussian,checkerboard,60000,0.7,,"[0.0, 0.0]",,1,,,False,,
general__c5_std0.7_fourier16_seed42,39.940677642822266,31.422889709472656,39.940677642822266,56.0,0.0,,,,,,2.9102578163146973,5.175344944000244,0.0,1.0,1.0438183546066284,64.95555114746094,1.9915647506713867,3.7123570442199707,1.0000001111620804e-06,3.4043475807266077e-06,0.35973411798477173,0.12417908757925034,0.3451968729496002,0.34983333945274353,0.33250001072883606,2.5806972980499268,2.6917436122894287,0.9587455987930298,2.409309148788452,2.5215182304382324,0.9554994106292725,7.756903171539307,6.98988151550293,87.55078887939453,38.918540954589844,-0.7670211791992188,2.39522123336792,5.989623069763184,4.59466028213501,1.0,2.4737906455993652,poincare,5,2,gaussian,checkerboard,60000,0.7,,"[0.0, 0.0]",,1,,,False,,
general__c5_std0.7_fourier16_seed50,34.50114059448242,35.2988395690918,34.50114059448242,83.5,0.0,31.68437957763672,31.68437957763672,4.361300468444824,4.361300468444824,4.361300468444824,4.389877796173096,15.525477409362793,0.0,1.0,1.8322879076004028,87.59364318847656,3.4442076683044434,6.608582496643066,1.0000001111620804e-06,2.0257243704691064e-06,0.4044943153858185,0.10466424375772476,0.25875332951545715,0.3919999897480011,0.38600000739097595,2.286881685256958,2.6829581260681152,0.8523731827735901,2.3091132640838623,2.516068696975708,0.9177464842796326,5.643552303314209,6.987163543701172,35.16529846191406,39.92766571044922,1.343611717224121,2.3927736282348633,5.831303596496582,4.594389915466309,1.0,2.40804123878479,poincare,5,2,gaussian,checkerboard,60000,0.7,,"[0.0, 0.0]",,1,,,False,,
